{"cameraMode":{"drawMode":0,"name":"Shaded","section":"Shading Mode"},"sceneLighting":false,"audioPlay":false,"sceneViewState":{"showFog":true,"showMaterialUpdate":false,"showSkybox":true,"showFlares":true,"showImageEffects":true,"showParticleSystems":true},"in2DMode":false,"pivot":{"x":4.609769821166992,"y":0.7830849289894104,"z":9.664830207824707},"rotation":{"x":0.00647849403321743,"y":0.5037937760353088,"z":0.003778514452278614,"w":-0.8637914657592773},"size":2.8578836917877199,"orthographic":false}