{"cameraMode":{"drawMode":0,"name":"Shaded","section":"Shading Mode"},"sceneLighting":false,"audioPlay":false,"sceneViewState":{"showFog":true,"showMaterialUpdate":false,"showSkybox":true,"showFlares":true,"showImageEffects":true,"showParticleSystems":true},"in2DMode":false,"pivot":{"x":42.470001220703128,"y":-8.920000076293946,"z":0.0},"rotation":{"x":0.19662564992904664,"y":-0.02882365509867668,"z":0.0057823932729661469,"w":0.9800378680229187},"size":225.7407684326172,"orthographic":false}