{"cameraMode":{"drawMode":0,"name":"Shaded","section":"Shading Mode"},"sceneLighting":false,"audioPlay":false,"sceneViewState":{"showFog":true,"showMaterialUpdate":false,"showSkybox":true,"showFlares":true,"showImageEffects":true,"showParticleSystems":true},"in2DMode":false,"pivot":{"x":77.5,"y":9.069999694824219,"z":-0.29999998211860659},"rotation":{"x":0.1136719360947609,"y":0.03784161061048508,"z":-0.004333258140832186,"w":0.9927879571914673},"size":6.443456172943115,"orthographic":false}