{"cameraMode":{"drawMode":0,"name":"Shaded","section":"Shading Mode"},"sceneLighting":false,"audioPlay":false,"sceneViewState":{"showFog":true,"showMaterialUpdate":false,"showSkybox":true,"showFlares":true,"showImageEffects":true,"showParticleSystems":true},"in2DMode":false,"pivot":{"x":-0.01862955093383789,"y":0.40042245388031008,"z":-0.7615242600440979},"rotation":{"x":-0.12552917003631593,"y":0.8018726110458374,"z":-0.1812601238489151,"w":-0.5553264617919922},"size":4.340710163116455,"orthographic":false}