{"cameraMode":{"drawMode":0,"name":"Shaded","section":"Shading Mode"},"sceneLighting":true,"audioPlay":false,"sceneViewState":{"showFog":false,"showMaterialUpdate":false,"showSkybox":false,"showFlares":false,"showImageEffects":false,"showParticleSystems":false},"in2DMode":false,"pivot":{"x":72.82775115966797,"y":-111.4739990234375,"z":865.1765747070313},"rotation":{"x":0.09274835139513016,"y":0.05075365677475929,"z":-0.004735385999083519,"w":0.9943839311599731},"size":948.7244262695313,"orthographic":false}