{"cameraMode":{"drawMode":0,"name":"Shaded","section":"Shading Mode"},"sceneLighting":false,"audioPlay":false,"sceneViewState":{"showFog":true,"showMaterialUpdate":false,"showSkybox":true,"showFlares":true,"showImageEffects":true,"showParticleSystems":true},"in2DMode":false,"pivot":{"x":6.010000228881836,"y":2.5799999237060549,"z":0.0},"rotation":{"x":0.12559185922145844,"y":-0.034219447523355487,"z":0.004334527999162674,"w":0.9914821982383728},"size":1.4289418458938599,"orthographic":false}